,keywords,count
0,content report third service press research analyst author td newsletters prepared publicly consists get way download unless effort noted,1
1,earnings stocks report free estimate price zacks last strong research get recommendations latest rank next current download estimates investors,71
2,net income ended period loss adjusted operating margin earnings cash share gross items tax revenue periods non reported six,35
3,two portfolio properties strategy canadian developing corp addition long continues combined goal acquiring years projects materially american assets fiscal,1
4,cash continue operating demand continuing fleet flow lease inventory term costs approximately position balance sheet investors believe continued remain,17
5,call conference website quarter et second access investors participate approximately original webcast free executive earnings please replay international close,89
6,production half increase ore second due approximately mine expect increased grade operating gold plant costs expected higher next ounces,16
7,shareholders annual directors meeting follows original set website listed announced common corporation held next votes received sedar board june,26
8,us rate interest end plus term de june december approximately rates agreement annual result make look note november reported,4
9,energy construction partners pipeline building project partnership customers power projects approximately residential fuel north businesses infrastructure investors utility generation,8
10,growth see stocks line growing driven long businesses lead acquisitions economy range organic digit improving remain likely expansion opportunities,6
11,customers design manufacturing supply customer stores service superior leading parts product retail store network located sales leader operates distribution,29
12,development materially focused received set additional currently funding significant includes number form activities important operational fully process work efforts,1
13,said would could according last big earlier much firm says small banks set two reuters part reporting reported investors,27
14,value impact credit debt level strategic lower sales right term look facility recent good increase expect transaction grade price,5
15,operations made high related within expect acquired plan order used update technologies america de build events follows trademarks resource,2
16,announced facilities systems support corporation six joint transportation build provide ensure located united healthcare approximately date center commercial facility,2
17,per share dividend shareholders date cents increase record common dividends quarterly yield declared earnings march april month fourth since,18
18,three months listed contact register averages vancouver wall engages street month higher past media report march mineral system maintenance,1
19,performance expected potential terms website foreign subject acquisition expects opportunities rates currency identified future materials expectations projected reflect section,1
20,capital price private sold close working total used ontario units closing led placement firm preferred wealth benefit july announce,3
21,use provides registered without notice produces sponsored pro basis change offering used direct releases represented accuracy included written sell,15
22,fund class funds investors firm action contact period rights would lead materially statements member news acquired shareholders according made,23
23,drilling gold grade resource deposit high project located drill potential approximately zone program estimate mine see reported exploration date,25
24,reviewed reports reviewer contained document according procedures us aws covering articles loss non party necessary herein outside nyse independent,79
25,assets income tax distribution equity return paid net distributions payment date monthly shareholders amounts short asset total investments fiscal,11
26,current future actual differ historical estimate meaning uncertainty applicable difficult filings regulatory anticipates regarding commission fact discussion various certain,0
27,group bank real estate banking mortgage home retail residential housing assets trust across commercial loan banks top businesses firm,18
28,events economic anticipated ability contained changes benefits conditions annual risk date known foreign general identified timing regulatory terms among,5
29,health care clinical healthcare technology drug programs product data developing research potential medical patients center treatment lead small education,19
30,percent gold group energy points data composite said oil index higher tsx bank name corp prices lower sector ltd,21
31,offer amended act would press united states offering due terms made purchase sale proceeds notes short solicitation state registered,23
32,news limited access key corporate https following ontario data please range review many general us would low exposure construction,1
33,executive experience years president officer chief board mr role strategic member look holds said welcome vice team leader ceo,18
34,day moving volume research produces reports ended lower last latest get activewallst headquartered registered symbol corp recorded pro session,75
35,data technology customers customer leading across network digital world service said product experience innovation media communications leader services networks,40
36,billion international years part major strong make sector top around america american already become five six mexico continued assets,1
37,services clients provider insurance across wealth leading businesses retirement firm service employee health technology solutions integrated provides benefits original,13
38,looking statements factors risks uncertainties expectations cause could assumptions estimates future words press expect date except without limited certain,198
39,first cost equipment approximately land measure close maintenance prime product unit full continued top across sales low begin result,2
40,gold project mining mine mineral copper resource located uranium exploration resources deposits deposit report projects grade silver royalty estimates,52
41,average trading ratio previous free higher sponsored greater past tsx total ltd pe month non nyse composite equities register,3
42,quarter compared sales revenue revenues increase increased second fiscal reported due fourth earnings higher lower last adjusted profit gross,81
43,common issued purchase date price period approximately share connection acquire terms loan purchases outstanding acquired gross tsx subject pursuant,30
44,oil gas natural production drilling petroleum exploration rig prices wells calgary royalty crude alberta report resources western reserves rigs,47
45,food products specialty home leading manufacturing packaging approximately product original steel manufacturer across integrated paper located manufactures sales customers,8
46,fund investors sector stocks top etf exposure small funds short etfs according charges next could equity assets index look,32
47,owns operates communities community july capacity coal building generation sustainable current service producer independent central next act environmental said,4
48,think going would research like good operator back question get next look bit right see really last much little,35
49,global companies world largest leading markets leader visit products china asia europe countries innovative provide announced commitment ceo water,4
